{
  "cameras": [
    {
      "id": 0,
      "name": "Photometric",
      "intrinsic": [
        [45063.26, 2.6,3263.5],
        [0,4564,2435],
        [0, 0, 1]
      ],
      "distortion": [
        -0.0024,
        -0.0033
      ],
      "pose": [
        [1, 0, 0, 0],
        [0, 1, 0, 0],
        [0, 0, 1, 0],
        [0, 0, 0, 1]
      ]
    },
    {
      "id": 1,
      "name": "Photoneo",
      "intrinsic": [
        [2256.6, 0.2, 1070.46],
        [0, 2253.09, 762.556],
        [0, 0, 1]
      ],
      "distortion": [
        -0.0157944,
        0.518745
      ],
      "pose": [
        [0.941939, -0.0129481, -0.335534, 143.17],
        [0.0482357, 0.99411, 0.0970491, -73.1665],
        [0.332301, -0.107599, 0.937016, 49.374],
        [0, 0, 0, 1]
      ]
    }
  ]
}